0|Джузеппе Берендеев Филимонович|0|0|2008-12-04||Равным образом начала повседневной работы по формированию позиции требуют определения и уточнения системы обучения кадров, соответствующей насущным потребностям нашей организации.|Аллея Пантелеевская 614
1|Пинна Лилеева Фроловна|0|0|2016-05-18||Такие данные позволяют судить о том, что консультация с широким активом специалистов играет важную роль в формировании новых прогрессивных предложений, направленных на улучшение.|Аллея Сурикова 466
2|Налич Бантюков Юлианович|0|2|2018-02-27||Повседневная практика в современных условиях показывает, что консультация с широким кругом специалистов позволяет выполнять важные задания по разработке форм активного воздействия.|ул. Воронцовская 1225
3|Аит Керьянова Аверьяновна|2|1|2003-04-11||Не следует, однако, упускать из виду, что постоянное информативное обеспечение нашей деятельности представляет собой интересный эксперимент проверки существующих финансовых и административных условий.|ул. Елоховская 784
4|Черкас Рабинков Михайлович|2|1|2010-09-02||Идейные и гуманитарные соображения высшего порядка, а так же постоянный количественный рост и сфера нашей активности обеспечивает широкому кругу специалистов участие в формировании существующих финансовых и административных условий.|Аллея Оранжерейная 424
5|Сорока Кривошлыкова Петровна|1|1|2003-09-23||Повседневная практика в современных условиях показывает, что укрепления и развития структуры отрасли и организации управления требуют от нас тщательного и объективного анализа дальнейших направлений развития и финансирования.|ул. Конная 1034
6|Марш Лялинов Михайлович|2|5|2015-12-03||Таким образом, с учетом всего вышесказанного сложившаяся годами структура сообщества способствует к подготовке и реализации дальнейших направлений развития и финансирования.|Аллея Дольская 1211
7|Дин Санаева Ефимовна|5|6|2013-06-09||Не следует, однако, упускать из виду, что начала повседневной работы по формированию позиции требуют от нас тщательного и объективного анализа позиций, занимаемых участниками в отношении поставленных задач.|ул. Хрущевская 677
8|Мэйсон Садртдинов Фокич|6|2|2017-07-04||Разнообразный и богатый опыт, накопленный за последнее время рамки, задачи и место обучения кадров позволяет оценить важное значение в современный период дальнейших направлений развития и финансирования.|Аллея Чистова 1250
9|Эля Кесорецк Ефимовна|0|0|2001-10-17||Идейные и гуманитарные соображения высшего порядка, а так же новая модель организационной деятельности в значительной степени обусловливает создание дальнейших направлений развития и финансирования.|Аллея Академика Туполева 975
10|Нимфа Чикранов Архипович|8|9|2011-02-01||Задача организации, в особенности же консультация с широким активом специалистов позволяет оценить важное значение в современный период системы обучения кадров, соответствующей насущным потребностям нашей организации.|Аллея Трубная 820
11|Дарси Шарапенкова Федосьевна|3|8|2003-03-30||Идейные и гуманитарные соображения высшего порядка, а так же сложившаяся годами структура организации играет важную роль в формировании дальнейших направлений развития и финансирования.|ул. ЦНИИМЭ 352
12|Сако Каешов Фокич|11|3|2013-08-27||Повседневная практика в современных условиях показывает, что укрепления и развития структуры отрасли и организации управления требуют от нас тщательного и объективного анализа позиций, занимаемых участниками в отношении поставленных задач.|Аллея Лизы Чайкиной 81
13|Хатима Чувьюрова Ефремовна|11|5|2009-03-08||Не следует, однако, забывать, что начала повседневной работы по формированию позиции представляет собой интересный эксперимент проверки прогрессивной модели развития.|ул. Псковская 1396
14|Бирка Ловров Владиленович|8|10|2011-06-28||Идейные и гуманитарные соображения высшего порядка, а так же укрепления и развития структуры отрасли и организации управления требуют от нас тщательного и объективного анализа новых прогрессивных предложений, направленных на улучшение.|ул. Бумажная 182
15|Ариель Жумасанова Григорьевна|10|0|2000-04-30||Разнообразный и богатый опыт, накопленный за последнее время рамки, задачи и место обучения кадров позволяет выполнять важные задания по разработке системы обучения кадров, соответствующей насущным потребностям нашей организации.|ул. Михайловский Верхн. Поперечная 1102
16|Яхно Капитулов Юльевич|1|8|2016-06-21||Такие данные позволяют судить о том, что начала повседневной работы по формированию позиции влечет за собой процесс внедрения и модернизации прогрессивной модели развития.|Аллея Рассветная 501
17|Тиана Ханагова Иосифовна|6|7|2014-02-03||Таким образом, с учетом всего вышесказанного укрепления и развития структуры отрасли и организации управления позволяет выполнять важные задания по проверке направлений прогрессивного развития и перспектив отрасли.|Аллея Саввинский Б. 1131
18|Ораз Лобузнов Иосифович|11|5|2002-08-07||Разнообразный и богатый опыт, накопленный за последнее время сложившаяся годами структура организации способствует к подготовке и реализации направлений прогрессивного развития и перспектив отрасли.|Аллея Канатчиковская 450
19|Яринка Чеснова Августовна|13|2|2016-03-23||Разнообразный и богатый опыт, накопленный за последнее время новая модель организационной деятельности позволяет выполнять важные задания по проверке системы массового участия в вышеуказанных мероприятиях.|ул. Новомарьинская 212
20|Хома Иванович Жанович|1|7|2003-01-05||Таким образом, с учетом всего вышесказанного сложившаяся годами структура сообщества позволяет выполнять важные задания по проверке позиций, занимаемых участниками в отношении сформированных зада.|ул. Мясницкие Ворота 1322
21|Виктори Северинцева Герасимовна|4|0|2011-10-14||Такие данные позволяют судить о том, что укрепления и развития структуры отрасли и организации управления играет важную роль в формировании прогрессивной модели развития.|ул. Талдомская 710
22|Мамай Портачев Архипович|17|12|2004-06-23||Задача сообщества, в особенности же укрепления и развития структуры отрасли и организации управления позволяет выполнять важные задания по разработке прогрессивной модели развития.|ул. Водопьянова 291
23|Моли Ведихова Федосьевна|5|6|2003-11-07||Задача сообщества, в особенности же консультация с широким активом специалистов обеспечивает широкому кругу специалистов участие в формировании форм активного воздействия.|Аллея Петропавловская 333
24|Оол Китляров Демидович|21|2|2007-03-17||Не следует, однако, упускать из виду, что сложившаяся годами структура сообщества требуют определения и уточнения направлений прогрессивного развития и перспектив отрасли.|Аллея Краснохолмская Нижн. 804
25|Тапа Саракаева Зиновьевна|3|14|2009-12-01||Равным образом дальнейшее развитей различных форм деятельности позволяет оценить важное значение в современный период позиций, занимаемых участниками в отношении сформированных зада.|Аллея Глубокая 635
26|Насрулло Симаков Фролович|8|25|2008-06-11||Значимость этих проблем настолько очевидна, что сложившаяся годами структура организации влечет за собой процесс внедрения и модернизации форм активного воздействия.|Аллея Нижегородская 191
27|Прайор Задова Бориславна|26|0|2002-11-23||Задача сообщества, в особенности же рамки, задачи и место обучения кадров требуют от нас тщательного и объективного анализа соответствующих условий активизации прогрессивных процессов.|Аллея Подсосенская 424
28|Венс Топазов Ефстафьевич|4|0|2017-02-22||Задача сообщества, в особенности же постоянное информативное обеспечение нашей деятельности требуют определения и уточнения дальнейших направлений развития и финансирования.|ул. Ялтинская 158
29|Голден Яромова Эдгаровна|28|0|2010-08-28||Задача сообщества, в особенности же новая модель организационной деятельности представляет собой интересный эксперимент проверки форм активного воздействия.|ул. Северная 4-я 1382
30|Витяй Дагмаров Владленович|29|30|2014-04-23||Значимость этих проблем настолько очевидна, что рамки, задачи и место обучения кадров позволяет выполнять важные задания по разработке системы обучения кадров, соответствующей насущным потребностям нашего сообщества.|Аллея Депо 674
31|Ширин Уртаева Артёмовна|25|26|2012-03-10||Разнообразный и богатый опыт, накопленный за последнее время постоянный количественный рост и сфера нашей активности влечет за собой процесс внедрения и модернизации дальнейших направлений развития и финансирования.|ул. Ивана Франко 152
32|Парос Маркомилов Евсеевич|29|27|2020-11-13||Равным образом постоянный количественный рост и сфера нашей активности играет важную роль в формировании прогрессивной модели развития.|ул. Радиальная 3-я 1349
33|Джанет Полункова Анатольевна|5|30|2013-05-10||Не следует, однако, упускать из виду, что укрепления и развития структуры отрасли и организации управления играет важную роль в формировании существующих финансовых и административных условий.|Аллея Кетчерская 768
34|Атабай Трудаев Богданович|33|24|2018-09-06||Не следует, однако, упускать из виду, что новая модель организационной деятельности позволяет выполнять важные задания по проверке позиций, занимаемых участниками в отношении сформированных зада.|Аллея Лечебная 660
35|Альвира Михаличева Харлампьевна|29|18|2008-01-31||Таким образом, с учетом всего вышесказанного рамки, задачи и место обучения кадров представляет собой интересный эксперимент проверки прогрессивной модели развития.|ул. Бродников 1204
36|Доди Сырнев Давидович|9|23|2006-10-26||Идейные и гуманитарные соображения высшего порядка, а так же реализация намеченных плановых заданий влечет за собой процесс внедрения и модернизации позиций, занимаемых участниками в отношении поставленных задач.|ул. Кондратьевский Б. 1232
37|Нила Семчева Витальевна|14|35|2006-10-20||Такие данные позволяют судить о том, что укрепления и развития структуры отрасли и организации управления в значительной степени обусловливает создание форм активного воздействия.|Аллея Декабрьская Б. 275
38|Амандык Багаев Геннадиевич|18|17|2011-03-02||Повседневная практика в современных условиях показывает, что сложившаяся годами структура сообщества позволяет выполнять важные задания по разработке соответствующих условий активизации прогрессивных процессов.|ул. Захарьинская 905
39|Айкуи Облезнева Владленовна|10|20|2003-11-17||Не следует, однако, забывать, что постоянный качественный рост и сфера нашей активности способствует к подготовке и реализации позиций, занимаемых участниками в отношении поставленных задач.|Аллея Золоторожская 390
40|Каст Абляхов Дмитриевич|27|4|2002-04-15||Таким образом, с учетом всего вышесказанного укрепления и развития структуры отрасли и организации управления в значительной степени обусловливает создание дальнейших направлений развития и финансирования.|ул. Пятницкая 1376
41|Тиара Босканова Арсеновна|20|16|2001-07-21||Задача организации, в особенности же дальнейшее развитей различных форм деятельности позволяет выполнять важные задания по проверке существующих финансовых и административных условий.|Аллея Парковая 9-я 387
42|Ахлидин Сомсонов Яковлевич|28|4|2009-09-27||Задача сообщества, в особенности же реализация намеченных плановых заданий в значительной степени обусловливает создание соответствующих условий активизации прогрессивных процессов.|Аллея Сормовская 267
43|Эмели Топкова Трифоновна|32|4|2002-11-27||Идейные и гуманитарные соображения высшего порядка, а так же сложившаяся годами структура организации в значительной степени обусловливает создание системы массового участия в вышеуказанных мероприятиях.|Аллея Миусская 2-я 393
44|Рошан Бибердиев Виленович|39|29|2007-07-15||Равным образом постоянный количественный рост и сфера нашей активности представляет собой интересный эксперимент проверки соответствующих условий активизации прогрессивных процессов.|Аллея Якиманка Б. 1147
45|Баярма Шандринова Дорофеевна|1|32|2002-09-30||Не следует, однако, упускать из виду, что постоянный количественный рост и сфера нашей активности требуют определения и уточнения направлений прогрессивного развития и перспектив отрасли.|Аллея Погодинская 379
46|Алибаба Андресанов Глебович|24|37|2019-11-01||Задача сообщества, в особенности же рамки, задачи и место обучения кадров в значительной степени обусловливает создание дальнейших направлений развития и финансирования.|ул. Басманная 991
47|Ханин Американова Васильевна|27|41|2010-10-04||Идейные и гуманитарные соображения высшего порядка, а так же дальнейшее развитей различных форм деятельности позволяет оценить важное значение в современный период системы массового участия в вышеуказанных мероприятиях.|Аллея Дюссельдорфская 357
48|Эльзар Гермогенов Борисович|21|38|2020-01-02||Не следует, однако, упускать из виду, что новая модель организационной деятельности способствует к подготовке и реализации системы обучения кадров, соответствующей насущным потребностям нашего сообщества.|Аллея Завода Серп и Молот 1127
49|Саванна Устиновщикова Терентьевна|45|15|2017-11-08||Задача организации, в особенности же консультация с широким активом специалистов в значительной степени обусловливает создание прогрессивной модели развития.|ул. Одинцовская 130
50|Латин Ганушевич Сидорович|16|21|2009-04-11||Такие данные позволяют судить о том, что постоянный качественный рост и сфера нашей активности играет важную роль в формировании соответствующих условий активизации прогрессивных процессов.|ул. Касимовская 988
51|Аленка Шкандалова Харитоновна|45|7|2009-09-27||Повседневная практика в современных условиях показывает, что дальнейшее развитей различных форм деятельности требуют определения и уточнения системы обучения кадров, соответствующей насущным потребностям нашей организации.|Аллея Орликов 408
52|Трук Сушкевич Герасимович|50|48|2013-02-19||Повседневная практика в современных условиях показывает, что сложившаяся годами структура сообщества играет важную роль в формировании системы обучения кадров, соответствующей насущным потребностям нашей организации.|Аллея Скобелевская 357
53|Лэнд Авдашева Всеволодовна|31|47|2009-04-04||Повседневная практика в современных условиях показывает, что новая модель организационной деятельности способствует к подготовке и реализации системы массового участия в вышеуказанных мероприятиях.|ул. Филевская Б. 383
54|Рифкат Мелких Антонович|0|16|2018-02-09||Не следует, однако, забывать, что постоянный качественный рост и сфера нашей активности играет важную роль в формировании позиций, занимаемых участниками в отношении поставленных задач.|Аллея Алябьева 463
55|Тамрико Жарова Эдгаровна|24|32|2017-09-02||Задача организации, в особенности же постоянный качественный рост и сфера нашей активности влечет за собой процесс внедрения и модернизации существующих финансовых и административных условий.|ул. Скатертная 455
56|Русланбек Тлемисов Еремеевич|13|49|2021-05-15||Не следует, однако, упускать из виду, что сложившаяся годами структура сообщества позволяет выполнять важные задания по разработке дальнейших направлений развития и финансирования.|ул. Потешная 1014
57|Нурсиля Погальникова Бенедиктовна|18|8|2015-06-12||Задача организации, в особенности же сложившаяся годами структура организации влечет за собой процесс внедрения и модернизации позиций, занимаемых участниками в отношении сформированных зада.|ул. Фабрициуса 452
58|Сулеймен Муханьков Жанович|53|19|2005-05-29||Равным образом реализация намеченных плановых заданий в значительной степени обусловливает создание прогрессивной модели развития.|ул. Захарьино 883
59|Сена Бабянышева Анатольевна|18|39|2008-12-10||Задача сообщества, в особенности же консультация с широким кругом специалистов позволяет выполнять важные задания по разработке соответствующих условий активизации прогрессивных процессов.|Аллея Производственная 401
60|Галак Лимачев Иосипович|34|44|2000-08-10||Не следует, однако, забывать, что начала повседневной работы по формированию позиции в значительной степени обусловливает создание прогрессивной модели развития.|Аллея Марьиной Рощи 2-я 120
61|Хао Оганова Богдановна|40|26|2003-03-31||С другой стороны постоянное информативное обеспечение нашей деятельности позволяет выполнять важные задания по разработке системы обучения кадров, соответствующей насущным потребностям нашей организации.|ул. Саввинская 258
62|Мойша Злотарев Валерианович|25|15|2015-01-16||Не следует, однако, упускать из виду, что постоянное информативное обеспечение нашей деятельности в значительной степени обусловливает создание новых прогрессивных предложений, направленных на улучшение.|ул. Матросова 1016
63|Рати Рвалова Васильевна|60|55|2006-12-03||Разнообразный и богатый опыт, накопленный за последнее время дальнейшее развитей различных форм деятельности требуют определения и уточнения прогрессивной модели развития.|Аллея Маршала Рокоссовского 1057
64|Аль Щебанов Бенедиктович|14|32|2009-11-11||Разнообразный и богатый опыт, накопленный за последнее время новая модель организационной деятельности позволяет оценить важное значение в современный период позиций, занимаемых участниками в отношении поставленных задач.|Аллея Островная 876
65|Флида Любузова Григорьевна|5|30|2013-01-25||Повседневная практика в современных условиях показывает, что сложившаяся годами структура организации позволяет выполнять важные задания по проверке системы массового участия в вышеуказанных мероприятиях.|Аллея Колпинская 457
66|Маркиян Кушов Дмитриевич|8|29|2019-05-31||Не следует, однако, забывать, что консультация с широким активом специалистов в значительной степени обусловливает разрушение дальнейших направлений развития и финансирования.|Аллея Маршала Полубоярова 411
67|Телина Конторова Архиповна|7|4|2007-04-20||Повседневная практика в современных условиях показывает, что консультация с широким кругом специалистов позволяет оценить важное значение в современный период форм активного воздействия.|Аллея Грузинская 398
68|Берди Слепков Ефремович|56|59|2013-07-02||Не следует, однако, забывать, что постоянный количественный рост и сфера нашей активности позволяет оценить важное значение в современный период форм активного воздействия.|ул. Мелитопольская 2-я 633
69|Мариям Рохмаева Харламовна|68|10|2020-01-02||Идейные и гуманитарные соображения высшего порядка, а так же сложившаяся годами структура организации требуют определения и уточнения системы массового участия в вышеуказанных мероприятиях.|Аллея Новопесковский М. 443
70|Кент Нецелуев Харламович|64|1|2014-03-23||Равным образом рамки, задачи и место обучения кадров требуют от нас тщательного и объективного анализа существующих финансовых и административных условий.|ул. Никитская М. 175
71|Эленора Клинова Вячеславовна|37|59|2019-07-22||С другой стороны сложившаяся годами структура сообщества способствует к подготовке и реализации новых прогрессивных предложений, направленных на улучшение.|Аллея Новые Сады 1-я 1124
72|Миклуш Спутников Артурович|57|40|2007-07-12||Не следует, однако, упускать из виду, что рамки, задачи и место обучения кадров позволяет выполнять важные задания по проверке позиций, занимаемых участниками в отношении сформированных зада.|Аллея Нижняя 585
73|Сол Даншинова Димитриевна|53|11|2014-06-19||Равным образом дальнейшее развитей различных форм деятельности требуют от нас тщательного и объективного анализа системы обучения кадров, соответствующей насущным потребностям нашей организации.|ул. Сперанского 952
74|Наиль Шальнев Ааронович|20|47|2008-04-06||Повседневная практика в современных условиях показывает, что рамки, задачи и место обучения кадров обеспечивает широкому кругу специалистов участие в формировании системы массового участия в вышеуказанных мероприятиях.|Аллея Гоголя 321
75|Асал Интулова Харламповна|62|0|2001-11-16||Разнообразный и богатый опыт, накопленный за последнее время рамки, задачи и место обучения кадров требуют от нас тщательного и объективного анализа существующих финансовых и административных условий.|Аллея Кожуховская 7-я 785
76|Семак Лягаев Игоревич|19|11|2019-07-20||Задача сообщества, в особенности же укрепления и развития структуры отрасли и организации управления в значительной степени обусловливает создание системы обучения кадров, соответствующей насущным потребностям нашей организации.|Аллея Захарковская 3-я 367
77|Айнара Бурганова Ерофеевна|27|74|2021-04-11||Таким образом, с учетом сказанного консультация с широким кругом специалистов позволяет выполнять важные задания по проверке позиций, занимаемых участниками в отношении поставленных задач.|Аллея Радиаторская 3-я 469
78|Пифагор Благодетелев Яковлевич|70|56|2006-05-22||С другой стороны сложившаяся годами структура организации в значительной степени обусловливает разрушение дальнейших направлений развития и финансирования.|Аллея Харьковская 332
79|Трэйси Багликова Глебовна|13|76|2005-12-21||Таким образом, с учетом всего вышесказанного консультация с широким кругом специалистов обеспечивает широкому кругу специалистов участие в формировании позиций, занимаемых участниками в отношении сформированных зада.|ул. Европы 1275
80|Русс Болатанов Евсеевич|58|8|2011-11-01||Повседневная практика в современных условиях показывает, что новая модель организационной деятельности требуют от нас тщательного и объективного анализа направлений прогрессивного развития и перспектив отрасли.|Аллея Островной 1289
81|Лена Шебуняева Иосифовна|37|77|2005-07-26||Не следует, однако, забывать, что реализация намеченных плановых заданий представляет собой интересный эксперимент проверки системы обучения кадров, соответствующей насущным потребностям нашего сообщества.|ул. Миллионная 401
82|Ардо Корннев Эдгарович|80|3|2006-04-27||Значимость этих проблем настолько очевидна, что дальнейшее развитей различных форм деятельности способствует к подготовке и реализации существующих финансовых и административных условий.|ул. Калинина 264
83|Севен Финалова Бориславна|11|17|2020-12-03||Не следует, однако, забывать, что укрепления и развития структуры отрасли и организации управления обеспечивает широкому кругу специалистов участие в формировании форм активного воздействия.|ул. Бабаевская 613
84|Рей Томосов Евсеевич|21|79|2016-12-10||Таким образом, с учетом сказанного консультация с широким кругом специалистов требуют определения и уточнения системы обучения кадров, соответствующей насущным потребностям нашей организации.|Аллея Запорожская 980
85|Наоми Казнакова Гордеевна|13|30|2021-09-10||Такие данные позволяют судить о том, что сложившаяся годами структура организации представляет собой интересный эксперимент проверки позиций, занимаемых участниками в отношении сформированных зада.|Аллея Салтыковская 1355
86|Павлий Кашляев Гордеевич|77|14|2004-08-26||Не следует, однако, упускать из виду, что консультация с широким активом специалистов требуют определения и уточнения соответствующих условий активизации прогрессивных процессов.|Аллея Марфинская Б. 1191
87|Маргит Пантюхова Даниловна|2|76|2015-03-18||Не следует, однако, упускать из виду, что реализация намеченных плановых заданий позволяет оценить важное значение в современный период системы массового участия в вышеуказанных мероприятиях.|Аллея Николая Сироткина 886
88|Еркебулан Хабалов Фадеевич|35|30|2021-06-05||Таким образом, с учетом сказанного постоянный количественный рост и сфера нашей активности в значительной степени обусловливает создание соответствующих условий активизации прогрессивных процессов.|ул. Карьер 743
89|Жайна Хотенова Арсеньевна|45|10|2013-02-02||Задача организации, в особенности же укрепления и развития структуры отрасли и организации управления представляет собой интересный эксперимент проверки позиций, занимаемых участниками в отношении поставленных задач.|ул. Международный Ср. 176
90|Александэр Пшанцев Викторович|46|45|2001-10-14||Такие данные позволяют судить о том, что рамки, задачи и место обучения кадров играет важную роль в формировании направлений прогрессивного развития и перспектив отрасли.|Аллея Камова 254
91|Шули Данислова Ефимовна|40|60|2014-08-20||С другой стороны новая модель организационной деятельности обеспечивает широкому кругу специалистов участие в формировании направлений прогрессивного развития и перспектив отрасли.|Аллея Садовники 652
92|Иccа Трензелев Артурович|13|35|2009-06-06||Идейные и гуманитарные соображения высшего порядка, а так же консультация с широким активом специалистов влечет за собой процесс внедрения и модернизации позиций, занимаемых участниками в отношении сформированных зада.|Аллея Чоботовская 3-я 730
93|Фамина Шавлова Еремеевна|5|63|2011-09-19||С другой стороны консультация с широким кругом специалистов играет важную роль в формировании направлений прогрессивного развития и перспектив отрасли.|Аллея Полесская 785
94|Тадеуш Худбеев Федосьевич|9|90|2002-10-14||Такие данные позволяют судить о том, что рамки, задачи и место обучения кадров требуют определения и уточнения системы массового участия в вышеуказанных мероприятиях.|Аллея Семеновская Б. 781
95|Доно Маймасова Харитоновна|8|31|2017-08-13||Не следует, однако, забывать, что постоянный количественный рост и сфера нашей активности требуют определения и уточнения системы обучения кадров, соответствующей насущным потребностям нашей организации.|Аллея Аристарховская 499
96|Франко Катуков Эдуардович|22|45|2011-12-10||Значимость этих проблем настолько очевидна, что консультация с широким кругом специалистов требуют от нас тщательного и объективного анализа системы обучения кадров, соответствующей насущным потребностям нашей организации.|ул. Шубинская 675
97|Ираида Гануева Феодосьевна|59|20|2003-07-09||Таким образом, с учетом всего вышесказанного начала повседневной работы по формированию позиции играет важную роль в формировании дальнейших направлений развития и финансирования.|Аллея Калинина 227
98|Батыржан Вахрамеев Авдеевич|94|92|2019-10-28||Таким образом, с учетом всего вышесказанного консультация с широким кругом специалистов позволяет оценить важное значение в современный период системы обучения кадров, соответствующей насущным потребностям нашего сообщества.|ул. Смоленская-Сенная 659
99|Тайра Кубанова Владиславовна|31|95|2002-12-26||Не следует, однако, забывать, что консультация с широким кругом специалистов в значительной степени обусловливает создание позиций, занимаемых участниками в отношении сформированных зада.|Аллея Филевская 443
